Teste,P-valor,Estacionária
ADF,9.961518687704805e-06,Sim
KPSS,0.015445104542106368,Não
