Modelo,Acurácia,AUC-ROC
Random Forest,0.995415423737102,0.98519618707772
Regressão Logística,0.9482696790389098,0.9844755531685678
SVM,0.017405089083410763,0.03423539733265329
