Modelo,Acurácia,AUC-ROC
Random Forest,0.9954072733793013,0.9860611411925622
Regressão Logística,0.9482696790389098,0.9837046940723921
SVM,0.9701656152705104,0.18085838924403724
