feature,importance
tipo_acidente,0.01787014010484025
descricao,0.01887793698601156
hora,0.0420774656263512
dia_semana,0.07143711145323992
numero_vitimas,0.07522317449024701
ano,0.08270759803827393
mes,0.14749623605782322
dia,0.15360728282358366
periodo_dia,0.16617982101735917
endereco_id,0.21570789536427543
