Modelo,Acurácia,AUC-ROC
Random Forest,0.9246179717774365,0.748279878263364
Regressão Logística,0.9262265116619142,0.6880333325756798
SVM,0.9263727425605031,0.524504945256919
