Modelo,Acurácia,AUC-ROC
Random Forest,0.9948734249433551,0.9803108367744936
Regressão Logística,0.9482696790389098,0.984370901108163
SVM,0.004107780331556556,0.05368839652746145
