feature,importance
descricao,0.020781860394310594
tipo_acidente,0.02577824643402855
hora,0.042500399822370145
dia_semana,0.08017515636486167
numero_vitimas,0.09737914330526483
dia,0.11262172390842876
ano,0.11782334603724358
periodo_dia,0.1407789089833687
mes,0.15080385833906157
endereco_id,0.2020489342276255
